INSERT INTO unit_of_measure(id, name)
VALUES ('cnt', 'Count'),
       ('ml', 'Milliliters'),
       ('mg', 'Milligram'),
       ('g', 'Grams'),
       ('kg', 'Kilogram');

INSERT INTO purchase_unit(id, name)
VALUES ('bag', 'Bag'),
       ('stick', 'Stick'),
       ('each', 'Each'),
       ('crn', 'Carton'),
       ('btl', 'Bottle'),
       ('bar', 'Bar'),
       ('box', 'Box'),
       ('pkt', 'Packet'),
       ('tub', 'Tub');

INSERT INTO product_type(id, name, description, type)
VALUES ('fruit', 'Fruit', null, 'raw'),
       ('bkg', 'Baking', null, 'raw'),
       ('fat', 'Fat', null, 'raw'),
       ('mkp', 'Milk Products', null, 'raw'),
       ('s&n', 'Seeds & Nuts', null, 'raw'),
       ('bread', 'Bread', null, 'finished'),
       ('pastry', 'Pastry', null, 'finished'),
       ('pie', 'Pie', null, 'finished'),
       ('cake', 'Cake', null, 'finished'),
       ('svry', 'Savory', null, 'finished'),
       ('mtrl', 'Material', null, 'others'),
       ('serv', 'Service', null, 'others'),
       ('trans', 'Transportation', null, 'others'),
       ('fcilty', 'Facility', null, 'others'),
       ('ovrhd', 'Overhead', null, 'others'),
       ('lbr', 'Labor', null, 'others'),
       ('mntnc', 'Maintenance', null, 'others'),
       ('qlty', 'Quality', null, 'others'),
       ('mrktng', 'Marketing', null, 'others'),
       ('deprctn', 'Depreciation', null, 'others'),
       ('r&d', 'R & D', null, 'others');

INSERT INTO cost(name, description, type_id, cost_unit, amount)
VALUES ('Packaging Materials', 'Cost of containers, boxes, bags, labels, and other packaging materials', 'mtrl',
        'Box', 10.00),
       ('Packaging Design', 'Cost of graphic design services or creating custom packaging designs', 'serv',
        'Hour', 35.9),
       ('Shipping and Freight', 'Cost of transporting raw materials and delivering finished goods', 'trans',
        'Kilometer', 05.6),
       ('Storage & WH Costs', 'Cost of renting or maintaining storage space for raw materials and finished goods',
        'fcilty', 'Week', 300.00),
       ('Utilities', 'Cost of electricity, water, and other utilities', 'ovrhd', 'Month', 1200),
       ('Labor', 'Cost of hiring and paying employees involved in the baking or manufacturing', 'lbr', 'Hour', 45),
       ('Equip. & Maint.', 'Cost of maintaining and servicing baking equipment and machinery', 'mntnc', 'Hour',
        125),
       ('Packaging Labor', 'Cost of labor associated with packaging, labeling, and preparing goods', 'lbr', 'Hour',
        35.5),
       ('Quality Control', 'Cost of inspections, tests, and quality control measures', 'qlty', 'Hour', 45),
       ('Marketing & Adv.', 'Cost of promotional materials, advertising campaigns, and marketing', 'mrktng', 'Hour',
        65.7),
       ('Insurance', 'Cost of insurance coverage for the facility, equipment, and liability', 'ovrhd', 'Month',
        1500),
       ('Admin. Expenses', 'Cost of office supplies, software licenses, accounting services, etc.', 'ovrhd', 'Month',
        1200),
       ('Equip. Depreciation', 'Cost of equipment depreciation over time', 'deprctn', 'Month', 1000),
       ('Research & Dev.', 'Cost of developing new recipes and improving products', 'r&d', 'Hour', 55),
       ('Waste Disposal', 'Cost of proper waste disposal and recycling processes', 'ovrhd', 'Month', 400);

INSERT INTO person (name, phone, email, address, city, state, zip, type)
VALUES ('Fred Fredders', '(328) 614-7299', 'fredfredders@gmail.com', 'P.O. Box 148, 1324 Iaculis Av.', 'Racine', 'MI',
        43119, 'staff'),
       ('Dave Davidson', '(345) 589-4869', 'davedavidson@gmail.com', 'P.O. Box 257, 6235 Pharetra, Rd.', 'Wyoming',
        'WY', 59900, 'staff'),
       ('Peter Parker', '(348) 852-0913', 'peterparker@gmail.com', '2646 Eu Rd.', 'Indianapolis', 'IN', 59677, 'staff'),
       ('Mary Smith', '(349) 773-0067', 'marysmith@gmail.com', '106-1114 Interdum. Road', 'South Bend', 'IN', 43779,
        'staff'),
       ('Mark Mason', '(361) 783-2508', 'markmason@gmail.com', '662-4582 Porttitor Rd.', 'Oklahoma City', 'Oklahoma',
        53512, 'staff'),
       ('Jack Johnson', '(365) 221-8440', 'jackjohnson@gmail.com', 'Ap #577-7501 Purus, Street', 'San Francisco', 'CA',
        94940, 'staff'),
       ('Lisa Mathews', '(365) 667-7181', 'lisamathews@gmail.com', 'P.O. Box 421, 5390 Ultrices Rd.', 'Pittsburgh',
        'PA', 61338, 'staff'),
       ('Greg Perkins', '(376) 768-2976', 'gregperkins@gmail.com', '560-6072 Luctus, St.', 'Frederick', 'Maryland',
        96702, 'staff'),
       ('Anita Withers', '(406) 044-2480', 'anitawithers@gmail.com', 'P.O. Box 945, 3675 Ullamcorper Street', NULL,
        'Wyoming', 89637, 'staff'),
       ('Kay Hopkins', '(410) 577-5808', 'kayhopkins@gmail.com', '593-4880 Vitae St.', 'College', 'Alaska', 99760,
        'staff'),
       ('Larry Daniels', '(428) 457-3915', 'larrydaniels@gmail.com', 'Ap #556-4411 Rutrum Street', 'Mobile', 'Alabama',
        35341, 'staff'),
       ('Tim Simmons', '(430) 083-0272', 'timsimmons@gmail.com', '438-5218 Suspendisse Rd.', 'Racine', 'Wisconsin',
        69816, 'staff'),
       ('Jimmy James', '(431) 864-5808', 'jimmyjames@gmail.com', '1016 Convallis Rd.', 'Shreveport', 'Louisiana', 57439,
        'staff'),
       ('Tina James', '(433) 325-0839', 'tinajames@gmail.com', '6437 Mi Avenue', 'Sioux City', 'IA', 95515, 'staff'),
       ('Graham Perkins', '(438) 591-5727', 'grahamperkins@gmail.com', 'Ap #785-6421 Nulla Rd.', 'Grand Island',
        'Nebraska', 75119, 'staff'),
       ('Craig Nelson', '(440) 192-6418', 'craignelson@gmail.com', 'Ap #989-7612 A Avenue', 'Boise', 'ID', 18065,
        'staff'),
       ('Leslie Fairbanks', '(446) 023-1480', 'lesliefairbanks@fc.com', '3365 Fermentum St.', 'Boston', 'Massachusetts',
        39456, 'staff'),
       ('Tammy Snyder', '(470) 515-1637', 'tammysnyder@gmail.com', 'Ap #957-6656 Sed Rd.', 'Kenosha', 'WI', 78200,
        'staff'),
       ('Hank Evans', '(473) 943-8696', 'hankevans@gmail.com', 'Ap #937-7448 Duis Street', 'Bear', 'DE', 25505,
        'staff'),
       ('Debbie Davis', '(485) 192-9101', 'debbiedavis@gmail.com', '4697 Nibh. Street', 'Biloxi', 'Mississippi', 47088,
        'staff'),
       ('Leslie Fairbanks', '(499) 153-2709', 'lesliefairbanks@outlook.com', '3366 Fermentum St.', 'Boston',
        'Massachusetts', 89637, 'staff'),
       ('Tammy Snyder', '(499) 153-2709', 'tammysnyder@outlook.com', 'Ap #957-6656 Sed Rd.', 'Kenosha', 'WI', 99760,
        'staff'),
       ('Hank Evans', '(523) 340-8693', 'hankevans@outlook.com', 'Ap #937-7448 Duis Street', 'Bear', 'DE', 35341,
        'staff'),
       ('Debbie Davis', '(535) 434-6686', 'debbiedavis@fc.com', '4698 Nibh. Street', 'Biloxi', 'Mississippi', 69816,
        'staff'),
       ('Leslie Fairbanks', '(547) 528-4678', 'lesliefairbanks@gmail.com', '3367 Fermentum St.', 'Boston',
        'Massachusetts', 57439, 'staff'),
       ('Tammy Snyder', '(559) 622-2670', 'tammysnyder@hotmail.com', 'Ap #957-6656 Sed Rd.', 'Kenosha', 'WI', 95515,
        'staff'),
       ('Hank Evans', '(571) 716-0662', 'hankevans@hotmail.com', 'Ap #937-7448 Duis Street', 'Bear', 'DE', 75119,
        'staff'),
       ('Debbie Davis', '(583) 809-8654', 'debbiedavis@hotmail.com', '4699 Nibh. Street', 'Biloxi', 'Mississippi',
        18065,
        'staff'),
       ('Leslie Fairbanks', '(595) 903-6647', 'lesliefairbanks@hotmail.com', '3368 Fermentum St.', 'Boston',
        'Massachusetts', 39456, 'staff'),
       ('Tammy Snyder', '(607) 997-4639', 'tammysnyder@yahoo.com', 'Ap #957-6656 Sed Rd.', 'Kenosha', 'WI', 78200,
        'staff'),
       ('Hank Evans', '(620) 091-2631', 'hankevans@yahoo.com', 'Ap #937-7448 Duis Street', 'Bear', 'DE', 25505,
        'staff'),
       ('Debbie Davis', '(632) 185-0623', 'debbiedavis@outlook.com', '4700 Nibh. Street', 'Biloxi', 'Mississippi',
        47088, 'staff'),
       ('Leslie Fairbanks', '(644) 278-8615', 'lesliefairbanks@yahoo.com', '3369 Fermentum St.', 'Boston',
        'Massachusetts', 47088, 'staff'),
       ('Betty White Smith', '(328) 614-7299', 'bettywhite@gmail.com', 'Ap #556-4411 Rutrum Street', 'Mobile',
        'Alabama', 35341, 'customer'),
       ('Dolores Richman', '(345) 589-4869', 'doloresrichman@gmail.com', '438-5218 Suspendisse Rd.', 'Racine',
        'Wisconsin', 69816, 'customer'),
       ('Jackie Tubman', '(348) 852-0913', 'jackietubman@gmail.com', '1016 Convallis Rd.', 'Anytown', 'Louisiana',
        57439, 'customer'),
       ('John James', '(349) 773-0067', 'john_james@gmail.com', '6437 Mi Avenue', 'Sioux City', 'WA', 95515,
        'customer'),
       ('Lisia Perkins', '(361) 783-2508', 'lisia_perkins@gmail.com', 'Ap #785-6421 Nulla Rd.', 'Grand Island',
        'Nebraska', 75119, 'customer'),
       ('Mary Badger', '(365) 221-8440', 'marybadger@gmail.com', 'Ap #989-7612 A Avenue', 'Boise', 'ID', 18065,
        'customer'),
       ('Nancy Smith', '(365) 667-7181', 'nancysmith@gmail.com', '3365 Fermentum St.', 'Boston', 'Massachusetts', 39456,
        'customer'),
       ('Sandy Beach', '(376) 768-2976', 'sandybeach@gmail.com', 'Ap #957-6656 Sed Rd.', 'Kenosha', 'WI', 78200,
        'customer'),
       ('Fred Fredders', '(454) 878-4848', 'fred@fredders.com', '12345 Main St.', 'Los Angeles', 'CA', 90212,
        'customer'),
       ('Frank Costanza', '(232) 323-2323', 'frank@gmail.com', '12345 Main St.', 'Los Angeles', 'CA', 90232,
        'customer'),
       ('John J. James', '(315) 151-5153', 'test@test.com', '1231 Test Street', 'LA', 'CA', 90232, 'customer');


INSERT INTO raw_goods (name, type_id, upc, reorder_qty, min_qty, qty_on_hand, amount, purchase_unit_qty, uom_id,
                       purchase_unit_id, image_id)
VALUES ('Flour', 'bkg', '123456789012', 100, 0, 100, 2.00, 987, 'g', 'bag', null),
       ('Sugar', 'bkg', '234567890123', 100, 6, 4, 1.50, 336, 'g', 'bag', null),
       ('Butter', 'mkp', '345678901234', 100, 5, 1, 3.50, 942, 'g', 'stick', null),
       ('Eggs', 'bkg', '456789012345', 100, 0, 1, 2.00, 759, 'cnt', 'each', null),
       ('Milk', 'mkp', '567890123456', 100, 0, 100, 1.75, 198, 'ml', 'crn', null),
       ('Baking Powder', 'bkg', '678901234567', 100, 0, 1, 2.50, 163, 'g', 'bag', null),
       ('Salt', 'bkg', '789012345678', 100, 2, 4, 1.00, 86, 'g', 'bag', null),
       ('Yeast', 'bkg', '890123456789', 100, 6, 100, 2.50, 207, 'g', 'bag', null),
       ('Vanilla Extract', 'bkg', '901234567890', 100, 1, 0, 3.00, 114, 'ml', 'btl', null),
       ('Chocolate', 's&n', '1069730224007', 100, 0, 0, 4.00, 406, 'g', 'bar', null),
       ('Cocoa Powder', 'bkg', '1172839506117', 100, 0, 0, 3.50, 107, 'g', 'bag', null),
       ('Vegetable Oil', 'bkg', '1275948788227', 100, 0, 0, 2.00, 605, 'ml', 'btl', null),
       ('Shortening', 'bkg', '1379058070338', 100, 2, 0, 3.00, 954, 'g', 'box', null),
       ('Honey', 'bkg', '1482167352448', 100, 0, 0, 5.00, 281, 'g', 'btl', null),
       ('Cornstarch', 'bkg', '1585276634558', 100, 0, 10, 2.00, 54, 'g', 'bag', null),
       ('Cinnamon', 'bkg', '1688385916669', 100, 5, 1, 2.50, 439, 'g', 'bag', null),
       ('Nutmeg', 's&n', '1791495198779', 100, 0, 1, 3.00, 362, 'g', 'bag', null),
       ('Almond Extract', 's&n', '1894604480889', 100, 0, 5, 4.50, 84, 'ml', 'bag', null),
       ('Lemon Juice', 'fruit', '1997713763000', 100, 3, 0, 1.50, 701, 'ml', 'btl', null),
       ('Baking Soda', 'bkg', '2100823045110', 100, 4, 10, 1.50, 741, 'g', 'bag', null),
       ('Cream of Tartar', 'bkg', '2203932327220', 100, 0, 0, 2.00, 609, 'g', 'bag', null),
       ('Active Dry Yeast', 'bkg', '2307041609331', 100, 3, 0, 3.00, 564, 'g', 'pkt', null),
       ('Brown Sugar', 'bkg', '2410150891441', 100, 1, 5, 1.75, 553, 'g', 'bag', null),
       ('Confectioners'' Sugar', 'bkg', '2513260173551', 100, 6, 0, 2.00, 384, 'g', 'bag', null),
       ('Oats', 's&n', '2616369455662', 100, 0, 4, 2.50, 794, 'g', 'bag', null),
       ('Walnuts', 's&n', '2719478737772', 100, 4, 4, 6.00, 409, 'g', 'bag', null),
       ('Pecans', 's&n', '2822588019882', 100, 0, 4, 7.00, 715, 'g', 'bag', null),
       ('Raisins', 'fruit', '2925697301993', 100, 8, 4, 3.00, 283, 'g', 'bag', null),
       ('Cranberries', 'fruit', '3028806584103', 100, 0, 4, 4.00, 811, 'g', 'each', null),
       ('Blueberries', 'fruit', '3131915866213', 100, 0, 10, 5.00, 306, 'g', 'each', null),
       ('Apples', 'fruit', '3235025148324', 100, 8, 4, 2.50, 885, 'g', 'each', null),
       ('Bananas', 'fruit', '3338134430434', 100, 5, 4, 1.50, 283, 'g', 'each', null),
       ('Pumpkin Puree', 'fruit', '3441243712544', 100, 0, 0, 2.50, 557, 'g', 'bag', null),
       ('Lemon Zest', 'fruit', '3544352994655', 100, 3, 0, 2.00, 541, 'g', 'bag', null),
       ('Orange Zest', 'fruit', '3647462276765', 100, 3, 10, 2.00, 234, 'g', 'bag', null),
       ('Nutella', 's&n', '3750571558875', 100, 0, 0, 4.00, 58, 'g', 'btl', null),
       ('Cream Cheese', 'mkp', '3853680840986', 100, 1, 0, 3.50, 519, 'g', 'bar', null),
       ('Sour Cream', 'mkp', '3956790123096', 100, 0, 0, 2.50, 632, 'g', 'tub', null),
       ('Greek Yogurt', 'mkp', '4059899405206', 100, 2, 4, 2.50, 279, 'g', 'tub', null),
       ('Caramel', 's&n', '4163008687317', 100, 1, 4, 3.00, 513, 'g', 'btl', null),
       ('Cream', 'mkp', '4266117969427', 100, 0, 8, 3.00, 92, 'ml', 'btl', null),
       ('Almonds', 's&n', '4369227251537', 100, 2, 8, 6.50, 237, 'g', 'bag', null),
       ('Lemon', 'fruit', '4472336533648', 100, 0, 6, 0.75, 866, 'cnt', 'each', null),
       ('Orange', 'fruit', '4575445815758', 100, 7, 4, 0.90, 378, 'cnt', 'each', null),
       ('Raspberries', 'fruit', '4678555097868', 100, 0, 5, 4.50, 194, 'g', 'each', null),
       ('Strawberries', 'fruit', '4781664379979', 100, 6, 1, 3.50, 803, 'g', 'each', null),
       ('Breadcrumbs', 'bkg', '4884773662089', 100, 0, 4, 2.00, 163, 'g', 'bag', null),
       ('Apricots', 'fruit', '4987882944199', 100, 1, 10, 5.00, 98, 'g', 'each', null),
       ('Poppy Seeds', 's&n', '5090992226310', 100, 0, 1, 3.50, 773, 'g', 'bag', null),
       ('Currants', 'fruit', '5194101508420', 100, 1, 1, 4.00, 209, 'g', 'each', null);


INSERT INTO finished_goods (name, type_id, description, batch_qty, sales_price, image_id, batch_cost, item_cost,
                            item_profit, qty_on_hand)
VALUES ('Baguette', 'bread', 'Classic French bread with a crisp crust and chewy interior.', 30, 3.50, NULL, 310.00,
        1.50, NULL, 100),
       ('Croissant', 'pastry', 'Buttery and flaky pastry available in plain, chocolate, or almond.', NULL, 2.75, NULL,
        NULL, 1.00, NULL, 80),
       ('Danish', 'pastry', 'Sweet pastry with buttery layers and various fillings.', NULL, 3.00, NULL, NULL, 1.20,
        NULL, 70),
       ('Sourdough Bread', 'bread', 'Tangy and hearty bread with a chewy texture.', 20, 5.50, NULL, 9.15, 0.46, 92, 90),
       ('Cinnamon Roll', 'pastry', 'Sweet roll filled with cinnamon and topped with icing or glaze.', 10, 2.50, NULL,
        26.76, 2.68, -7, 60),
       ('Éclair', 'pastry', 'French pastry filled with cream and topped with chocolate icing.', NULL, 3.75, NULL, NULL,
        1.50, NULL, 50),
       ('Blueberry Muffins', 'pastry', 'Individual-sized sweet or savory quick bread with blueberries', 30, 3.50, NULL,
        42.81, 1.43, 59, 10),
       ('Apple Pie', 'pie', 'Pie filled with sliced apples, sugar, and spices.', NULL, 14.50, NULL, NULL, 6.00, NULL,
        40),
       ('Chocolate Cake', 'cake', 'Rich and moist cake with chocolate layers and frosting.', 10, 28.99, NULL, 109.47,
        10.95, 62, 30),
       ('Croquembouche', 'pastry', 'Tower of choux pastry puffs held together with caramel or chocolate.', NULL, 30.00,
        NULL, NULL, 15.00, NULL, 10),
       ('Quiche', 'svry', 'Savory tart with a pastry crust and various fillings.', NULL, 12.00, NULL, NULL, 4.50, NULL,
        25),
       ('Cheesecake', 'cake', 'Creamy dessert with a crust, made primarily with cream cheese.', NULL, 18.00, NULL, NULL,
        7.50, NULL, 35),
       ('Donut', 'pastry', 'Fried pastry often glazed or topped with sweet toppings.', NULL, 2.00, NULL, NULL, 0.60,
        NULL, 150),
       ('Puff Pastry', 'pastry', 'Light and flaky pastry perfect for both sweet and savory creations.', NULL, 3.25,
        NULL, NULL, 1.00, NULL, 75);